{"date_group":{"0":1677628800000,"1":1677628800000,"2":1677628800000,"3":1677715200000,"4":1677715200000,"5":1677715200000,"6":1677801600000,"7":1677801600000,"8":1677801600000,"9":1677888000000,"10":1677888000000,"11":1677888000000,"12":1677974400000,"13":1677974400000,"14":1678060800000,"15":1678147200000},"platform":{"0":"android","1":"ios","2":"web","3":"android","4":"ios","5":"web","6":"android","7":"ios","8":"web","9":"android","10":"ios","11":"web","12":"android","13":"web","14":"web","15":"web"},"visits":{"0":27,"1":19,"2":98,"3":0,"4":0,"5":74,"6":0,"7":0,"8":80,"9":0,"10":0,"11":89,"12":0,"13":89,"14":39,"15":4},"registrations":{"0":21,"1":15,"2":24,"3":151,"4":91,"5":78,"6":151,"7":66,"8":62,"9":169,"10":46,"11":73,"12":25,"13":28,"14":0,"15":0},"conversion":{"0":77.7777777778,"1":78.9473684211,"2":24.4897959184,"3":0.0,"4":0.0,"5":105.4054054054,"6":0.0,"7":0.0,"8":77.5,"9":0.0,"10":0.0,"11":82.0224719101,"12":0.0,"13":31.4606741573,"14":0.0,"15":0.0}}